{"cameraMode":{"drawMode":0,"name":"Shaded","section":"Shading Mode"},"sceneLighting":true,"audioPlay":false,"sceneViewState":{"m_AlwaysRefresh":false,"showFog":true,"showSkybox":true,"showFlares":true,"showImageEffects":true,"showParticleSystems":true,"showVisualEffectGraphs":true,"m_FxEnabled":true},"in2DMode":false,"pivot":{"x":304.2266845703125,"y":22.532161712646486,"z":347.79583740234377},"rotation":{"x":-0.03195854648947716,"y":0.9629170298576355,"z":-0.23320414125919343,"w":-0.13196776807308198},"size":2.471635103225708,"orthographic":false}