{"cameraMode":{"drawMode":0,"name":"Shaded","section":"Shading Mode"},"sceneLighting":true,"audioPlay":false,"sceneViewState":{"m_AlwaysRefresh":false,"showFog":true,"showSkybox":true,"showFlares":true,"showImageEffects":true,"showParticleSystems":true,"showVisualEffectGraphs":true,"m_FxEnabled":true},"in2DMode":false,"pivot":{"x":477.1334533691406,"y":157.3083038330078,"z":-114.50167846679688},"rotation":{"x":-0.10780323296785355,"y":0.004176042042672634,"z":-0.00043073249980807304,"w":-0.994195282459259},"size":144.75779724121095,"orthographic":false}