{"cameraMode":{"drawMode":0,"name":"Shaded","section":"Shading Mode"},"sceneLighting":true,"audioPlay":false,"sceneViewState":{"m_AlwaysRefresh":false,"showFog":true,"showSkybox":true,"showFlares":true,"showImageEffects":true,"showParticleSystems":true,"showVisualEffectGraphs":true,"m_FxEnabled":true},"in2DMode":false,"pivot":{"x":555.0281372070313,"y":182.88937377929688,"z":-20.739898681640626},"rotation":{"x":0.03210296481847763,"y":-0.010497278533875943,"z":0.000339376536430791,"w":0.9994447231292725},"size":201.1490936279297,"orthographic":false}